id,F,lastname; email,email2
100,L,Gherardo; Lindie.Gherardo@yopmail.com,Lindie.Gherardo@gmail.com
101,T,Rosemary; Tatiania.Rosemary@yopmail.com,Tatiania.Rosemary@gmail.com
102,V,Palocz; Vere.Palocz@yopmail.com,Vere.Palocz@gmail.com
103,J,Zitvaa; Jordan.Zitvaa@yopmail.com,Jordan.Zitvaa@gmail.com
104,B,Tarrant; Bernardine.Tarrant@yopmail.com,Bernardine.Tarrant@gmail.com
105,S,Laurianne; Sabina.Laurianne@yopmail.com,Sabina.Laurianne@gmail.com
106,D,Kinnard; Danny.Kinnard@yopmail.com,Danny.Kinnard@gmail.com
107,J,Haymes; Jean.Haymes@yopmail.com,Jean.Haymes@gmail.com
108,G,Lubin; Gianina.Lubin@yopmail.com,Gianina.Lubin@gmail.com
109,T,Kirbee; Tamqrah.Kirbee@yopmail.com,Tamqrah.Kirbee@gmail.com
110,L,Israeli; Lolita.Israeli@yopmail.com,Lolita.Israeli@gmail.com
111,S,Yate; Shauna.Yate@yopmail.com,Shauna.Yate@gmail.com
112,N,Rhu; Nonnah.Rhu@yopmail.com,Nonnah.Rhu@gmail.com
113,O,Dulciana; Ofilia.Dulciana@yopmail.com,Ofilia.Dulciana@gmail.com
114,C,Aurelio; Carree.Aurelio@yopmail.com,Carree.Aurelio@gmail.com
115,N,Kauppi; Nerta.Kauppi@yopmail.com,Nerta.Kauppi@gmail.com
116,L,Goldina; Lonnie.Goldina@yopmail.com,Lonnie.Goldina@gmail.com
117,K,Obed; Krystle.Obed@yopmail.com,Krystle.Obed@gmail.com
118,F,Lasley; Farrah.Lasley@yopmail.com,Farrah.Lasley@gmail.com
119,N,O'Rourke; Nikki.O'Rourke@yopmail.com,Nikki.O'Rourke@gmail.com
120,R,Geffner; Roberta.Geffner@yopmail.com,Roberta.Geffner@gmail.com
121,J,Cassius; Julieta.Cassius@yopmail.com,Julieta.Cassius@gmail.com
122,C,Westphal; Cherrita.Westphal@yopmail.com,Cherrita.Westphal@gmail.com
123,M,Cherianne; Marjie.Cherianne@yopmail.com,Marjie.Cherianne@gmail.com
124,T,Bakerman; Tonia.Bakerman@yopmail.com,Tonia.Bakerman@gmail.com
125,L,Goode; Loree.Goode@yopmail.com,Loree.Goode@gmail.com
126,M,Soneson; Merrie.Soneson@yopmail.com,Merrie.Soneson@gmail.com
127,T,Prouty; Tilly.Prouty@yopmail.com,Tilly.Prouty@gmail.com
128,N,Jena; Nikki.Jena@yopmail.com,Nikki.Jena@gmail.com
129,A,Bari; Annabela.Bari@yopmail.com,Annabela.Bari@gmail.com
130,S,Liva; Suzette.Liva@yopmail.com,Suzette.Liva@gmail.com
131,S,Deegan; Sheelagh.Deegan@yopmail.com,Sheelagh.Deegan@gmail.com
132,M,Reidar; Morganica.Reidar@yopmail.com,Morganica.Reidar@gmail.com
133,F,Sancho; Fanny.Sancho@yopmail.com,Fanny.Sancho@gmail.com
134,C,Love; Chere.Love@yopmail.com,Chere.Love@gmail.com
135,A,Olin; Angelique.Olin@yopmail.com,Angelique.Olin@gmail.com
136,C,Edvard; Concettina.Edvard@yopmail.com,Concettina.Edvard@gmail.com
137,S,Lail; Sheree.Lail@yopmail.com,Sheree.Lail@gmail.com
138,B,Ashely; Belinda.Ashely@yopmail.com,Belinda.Ashely@gmail.com
139,M,Knowling; Myrtice.Knowling@yopmail.com,Myrtice.Knowling@gmail.com
140,N,Hathaway; Nadine.Hathaway@yopmail.com,Nadine.Hathaway@gmail.com
141,A,Celestine; Ashlee.Celestine@yopmail.com,Ashlee.Celestine@gmail.com
142,G,Ashely; Gusella.Ashely@yopmail.com,Gusella.Ashely@gmail.com
143,J,Hachmin; Jorry.Hachmin@yopmail.com,Jorry.Hachmin@gmail.com
144,J,Rheingold; Jenilee.Rheingold@yopmail.com,Jenilee.Rheingold@gmail.com
145,M,Pillsbury; Madelle.Pillsbury@yopmail.com,Madelle.Pillsbury@gmail.com
146,F,Jacinda; Fernande.Jacinda@yopmail.com,Fernande.Jacinda@gmail.com
147,C,Magdalen; Cacilie.Magdalen@yopmail.com,Cacilie.Magdalen@gmail.com
148,D,Erich; Danny.Erich@yopmail.com,Danny.Erich@gmail.com
149,O,Gilbertson; Orelia.Gilbertson@yopmail.com,Orelia.Gilbertson@gmail.com
150,E,Norvol; Emelina.Norvol@yopmail.com,Emelina.Norvol@gmail.com
151,T,Docilla; Tilly.Docilla@yopmail.com,Tilly.Docilla@gmail.com
152,S,Rozanna; Sheree.Rozanna@yopmail.com,Sheree.Rozanna@gmail.com
153,M,Garek; Madalyn.Garek@yopmail.com,Madalyn.Garek@gmail.com
154,C,Palocz; Christal.Palocz@yopmail.com,Christal.Palocz@gmail.com
155,C,Kellby; Calla.Kellby@yopmail.com,Calla.Kellby@gmail.com
156,C,Olin; Caressa.Olin@yopmail.com,Caressa.Olin@gmail.com
157,C,Elbertina; Caressa.Elbertina@yopmail.com,Caressa.Elbertina@gmail.com
158,C,Carmena; Caritta.Carmena@yopmail.com,Caritta.Carmena@gmail.com
159,H,Laverne; Hyacinthe.Laverne@yopmail.com,Hyacinthe.Laverne@gmail.com
160,O,Mayeda; Oona.Mayeda@yopmail.com,Oona.Mayeda@gmail.com
161,R,Corrine; Rani.Corrine@yopmail.com,Rani.Corrine@gmail.com
162,O,Gusella; Oona.Gusella@yopmail.com,Oona.Gusella@gmail.com
163,L,Jalbert; Leeanne.Jalbert@yopmail.com,Leeanne.Jalbert@gmail.com
164,M,Sinegold; Mary.Sinegold@yopmail.com,Mary.Sinegold@gmail.com
165,D,Mozelle; Darlleen.Mozelle@yopmail.com,Darlleen.Mozelle@gmail.com
166,K,Wu; Kore.Wu@yopmail.com,Kore.Wu@gmail.com
167,V,Seumas; Viviene.Seumas@yopmail.com,Viviene.Seumas@gmail.com
168,I,Dowski; Ida.Dowski@yopmail.com,Ida.Dowski@gmail.com
169,N,Gerge; Nadine.Gerge@yopmail.com,Nadine.Gerge@gmail.com
170,J,Hailee; Jordan.Hailee@yopmail.com,Jordan.Hailee@gmail.com
171,N,Guthrie; Nessie.Guthrie@yopmail.com,Nessie.Guthrie@gmail.com
172,S,Meter; Sean.Meter@yopmail.com,Sean.Meter@gmail.com
173,D,Durware; Danny.Durware@yopmail.com,Danny.Durware@gmail.com
174,X,Louanna; Xylina.Louanna@yopmail.com,Xylina.Louanna@gmail.com
175,P,Nelsen; Paulita.Nelsen@yopmail.com,Paulita.Nelsen@gmail.com
176,B,Roarke; Brynna.Roarke@yopmail.com,Brynna.Roarke@gmail.com
177,E,Miru; Eve.Miru@yopmail.com,Eve.Miru@gmail.com
178,B,Fosque; Beth.Fosque@yopmail.com,Beth.Fosque@gmail.com
179,C,Anastatius; Catrina.Anastatius@yopmail.com,Catrina.Anastatius@gmail.com
180,J,Noam; Jinny.Noam@yopmail.com,Jinny.Noam@gmail.com
181,B,Dearborn; Bernie.Dearborn@yopmail.com,Bernie.Dearborn@gmail.com
182,V,O'Carroll; Violet.O'Carroll@yopmail.com,Violet.O'Carroll@gmail.com
183,H,Bultman; Hildegaard.Bultman@yopmail.com,Hildegaard.Bultman@gmail.com
184,S,Adamsen; Stephanie.Adamsen@yopmail.com,Stephanie.Adamsen@gmail.com
185,T,Jerald; Teriann.Jerald@yopmail.com,Teriann.Jerald@gmail.com
186,C,Soneson; Catrina.Soneson@yopmail.com,Catrina.Soneson@gmail.com
187,Y,Gwenore; Yetty.Gwenore@yopmail.com,Yetty.Gwenore@gmail.com
188,R,Rozanna; Rhea.Rozanna@yopmail.com,Rhea.Rozanna@gmail.com
189,M,Chandler; Melanie.Chandler@yopmail.com,Melanie.Chandler@gmail.com
190,E,Chrystel; Elvira.Chrystel@yopmail.com,Elvira.Chrystel@gmail.com
191,E,Faust; Elvira.Faust@yopmail.com,Elvira.Faust@gmail.com
192,R,Irmine; Ricky.Irmine@yopmail.com,Ricky.Irmine@gmail.com
193,C,Sherfield; Cassondra.Sherfield@yopmail.com,Cassondra.Sherfield@gmail.com
194,N,Letsou; Nessie.Letsou@yopmail.com,Nessie.Letsou@gmail.com
195,K,Corabella; Katuscha.Corabella@yopmail.com,Katuscha.Corabella@gmail.com
196,G,Sprage; Goldie.Sprage@yopmail.com,Goldie.Sprage@gmail.com
197,M,Nerita; Mariele.Nerita@yopmail.com,Mariele.Nerita@gmail.com
198,N,Chaing; Nollie.Chaing@yopmail.com,Nollie.Chaing@gmail.com
199,L,Alisia; Lilith.Alisia@yopmail.com,Lilith.Alisia@gmail.com
200,R,Regan; Riannon.Regan@yopmail.com,Riannon.Regan@gmail.com
201,G,Daniele; Gisela.Daniele@yopmail.com,Gisela.Daniele@gmail.com
202,M,Noman; Merci.Noman@yopmail.com,Merci.Noman@gmail.com
203,I,Payson; Isa.Payson@yopmail.com,Isa.Payson@gmail.com
204,J,Margret; Joelly.Margret@yopmail.com,Joelly.Margret@gmail.com
205,T,Means; Tobe.Means@yopmail.com,Tobe.Means@gmail.com
206,P,O'Carroll; Phedra.O'Carroll@yopmail.com,Phedra.O'Carroll@gmail.com
207,R,Nance; Rosabelle.Nance@yopmail.com,Rosabelle.Nance@gmail.com
208,C,Japeth; Celisse.Japeth@yopmail.com,Celisse.Japeth@gmail.com
209,S,Morgun; Sherrie.Morgun@yopmail.com,Sherrie.Morgun@gmail.com
210,S,Krystle; Shirlee.Krystle@yopmail.com,Shirlee.Krystle@gmail.com
211,A,Pauly; Ariela.Pauly@yopmail.com,Ariela.Pauly@gmail.com
212,K,Japeth; Kristina.Japeth@yopmail.com,Kristina.Japeth@gmail.com
213,B,Lucienne; Brana.Lucienne@yopmail.com,Brana.Lucienne@gmail.com
214,M,Trinetta; Myriam.Trinetta@yopmail.com,Myriam.Trinetta@gmail.com
215,A,Gherardo; Alexine.Gherardo@yopmail.com,Alexine.Gherardo@gmail.com
216,A,Tarrant; Albertina.Tarrant@yopmail.com,Albertina.Tarrant@gmail.com
217,U,Clie; Ursulina.Clie@yopmail.com,Ursulina.Clie@gmail.com
218,M,Karylin; Mellicent.Karylin@yopmail.com,Mellicent.Karylin@gmail.com
219,T,Cordi; Tressa.Cordi@yopmail.com,Tressa.Cordi@gmail.com
220,B,Ophelia; Bertine.Ophelia@yopmail.com,Bertine.Ophelia@gmail.com
221,M,Sothena; Mamie.Sothena@yopmail.com,Mamie.Sothena@gmail.com
222,R,Radu; Rosene.Radu@yopmail.com,Rosene.Radu@gmail.com
223,M,Lumbard; Modestia.Lumbard@yopmail.com,Modestia.Lumbard@gmail.com
224,W,Keily; Winny.Keily@yopmail.com,Winny.Keily@gmail.com
225,L,Lay; Lynnea.Lay@yopmail.com,Lynnea.Lay@gmail.com
226,B,Heisel; Beverley.Heisel@yopmail.com,Beverley.Heisel@gmail.com
227,B,Eldrid; Beverley.Eldrid@yopmail.com,Beverley.Eldrid@gmail.com
228,P,Brittani; Patricia.Brittani@yopmail.com,Patricia.Brittani@gmail.com
229,M,Lareena; Meg.Lareena@yopmail.com,Meg.Lareena@gmail.com
230,L,Nance; Lily.Nance@yopmail.com,Lily.Nance@gmail.com
231,M,Winthorpe; Millie.Winthorpe@yopmail.com,Millie.Winthorpe@gmail.com
232,A,Allare; Almeta.Allare@yopmail.com,Almeta.Allare@gmail.com
233,M,Rozanna; Mildrid.Rozanna@yopmail.com,Mildrid.Rozanna@gmail.com
234,J,Jarib; Janis.Jarib@yopmail.com,Janis.Jarib@gmail.com
235,G,Korey; Gloria.Korey@yopmail.com,Gloria.Korey@gmail.com
236,D,Wenoa; Drucie.Wenoa@yopmail.com,Drucie.Wenoa@gmail.com
237,S,Dudley; Sue.Dudley@yopmail.com,Sue.Dudley@gmail.com
238,D,Monaco; Deedee.Monaco@yopmail.com,Deedee.Monaco@gmail.com
239,N,Loeb; Nataline.Loeb@yopmail.com,Nataline.Loeb@gmail.com
240,L,Breed; Lyssa.Breed@yopmail.com,Lyssa.Breed@gmail.com
241,B,Beebe; Beth.Beebe@yopmail.com,Beth.Beebe@gmail.com
242,A,Leffen; Aimil.Leffen@yopmail.com,Aimil.Leffen@gmail.com
243,K,Orelee; Kylynn.Orelee@yopmail.com,Kylynn.Orelee@gmail.com
244,H,Kirbee; Hallie.Kirbee@yopmail.com,Hallie.Kirbee@gmail.com
245,H,Faso; Halette.Faso@yopmail.com,Halette.Faso@gmail.com
246,Q,Leifeste; Quintina.Leifeste@yopmail.com,Quintina.Leifeste@gmail.com
247,D,Angelis; Dode.Angelis@yopmail.com,Dode.Angelis@gmail.com
248,I,Durware; Ira.Durware@yopmail.com,Ira.Durware@gmail.com
249,C,Brunell; Correy.Brunell@yopmail.com,Correy.Brunell@gmail.com
250,M,Sholley; Madelle.Sholley@yopmail.com,Madelle.Sholley@gmail.com
251,M,Jaylene; Micheline.Jaylene@yopmail.com,Micheline.Jaylene@gmail.com
252,W,Baudin; Winny.Baudin@yopmail.com,Winny.Baudin@gmail.com
253,I,Hirsch; Imojean.Hirsch@yopmail.com,Imojean.Hirsch@gmail.com
254,W,Tiffa; Wanda.Tiffa@yopmail.com,Wanda.Tiffa@gmail.com
255,A,Maryanne; Angela.Maryanne@yopmail.com,Angela.Maryanne@gmail.com
256,T,Roscoe; Tabbatha.Roscoe@yopmail.com,Tabbatha.Roscoe@gmail.com
257,S,Leonard; Sue.Leonard@yopmail.com,Sue.Leonard@gmail.com
258,R,Melleta; Rosanne.Melleta@yopmail.com,Rosanne.Melleta@gmail.com
259,D,Mozelle; Dorthy.Mozelle@yopmail.com,Dorthy.Mozelle@gmail.com
260,J,Trey; Julieta.Trey@yopmail.com,Julieta.Trey@gmail.com
261,C,Chem; Candi.Chem@yopmail.com,Candi.Chem@gmail.com
262,K,Jerald; Korrie.Jerald@yopmail.com,Korrie.Jerald@gmail.com
263,D,Radu; Dolli.Radu@yopmail.com,Dolli.Radu@gmail.com
264,K,Urias; Kirstin.Urias@yopmail.com,Kirstin.Urias@gmail.com
265,L,Ethban; Lanae.Ethban@yopmail.com,Lanae.Ethban@gmail.com
266,B,Hieronymus; Binny.Hieronymus@yopmail.com,Binny.Hieronymus@gmail.com
267,I,Stefa; Ingrid.Stefa@yopmail.com,Ingrid.Stefa@gmail.com
268,H,Dearborn; Hermione.Dearborn@yopmail.com,Hermione.Dearborn@gmail.com
269,L,Rhu; Leeanne.Rhu@yopmail.com,Leeanne.Rhu@gmail.com
270,L,Schonfeld; Lorne.Schonfeld@yopmail.com,Lorne.Schonfeld@gmail.com
271,C,My; Carmencita.My@yopmail.com,Carmencita.My@gmail.com
272,C,Thornburg; Chandra.Thornburg@yopmail.com,Chandra.Thornburg@gmail.com
273,J,Toffic; Jorry.Toffic@yopmail.com,Jorry.Toffic@gmail.com
274,B,Lewes; Barbara.Lewes@yopmail.com,Barbara.Lewes@gmail.com
275,C,Gibbeon; Courtnay.Gibbeon@yopmail.com,Courtnay.Gibbeon@gmail.com
276,C,Velick; Clo.Velick@yopmail.com,Clo.Velick@gmail.com
277,B,Ietta; Barbi.Ietta@yopmail.com,Barbi.Ietta@gmail.com
278,H,Zenas; Halette.Zenas@yopmail.com,Halette.Zenas@gmail.com
279,S,Stilwell; Sybille.Stilwell@yopmail.com,Sybille.Stilwell@gmail.com
280,V,Maiah; Vanessa.Maiah@yopmail.com,Vanessa.Maiah@gmail.com
281,B,Martguerita; Benita.Martguerita@yopmail.com,Benita.Martguerita@gmail.com
282,A,Melony; Alyssa.Melony@yopmail.com,Alyssa.Melony@gmail.com
283,V,Gillan; Valeda.Gillan@yopmail.com,Valeda.Gillan@gmail.com
284,T,Marcellus; Talya.Marcellus@yopmail.com,Talya.Marcellus@gmail.com
285,L,Esmaria; Letizia.Esmaria@yopmail.com,Letizia.Esmaria@gmail.com
286,E,Berne; Elie.Berne@yopmail.com,Elie.Berne@gmail.com
287,M,Carleen; Mureil.Carleen@yopmail.com,Mureil.Carleen@gmail.com
288,M,Etom; Modestia.Etom@yopmail.com,Modestia.Etom@gmail.com
289,R,Sasnett; Rozele.Sasnett@yopmail.com,Rozele.Sasnett@gmail.com
290,H,Kesley; Harmonia.Kesley@yopmail.com,Harmonia.Kesley@gmail.com
291,S,Abram; Shel.Abram@yopmail.com,Shel.Abram@gmail.com
292,N,Norrie; Nikki.Norrie@yopmail.com,Nikki.Norrie@gmail.com
293,E,Liva; Ernesta.Liva@yopmail.com,Ernesta.Liva@gmail.com
294,S,Marcellus; Shirlee.Marcellus@yopmail.com,Shirlee.Marcellus@gmail.com
295,B,Shama; Belinda.Shama@yopmail.com,Belinda.Shama@gmail.com
296,L,Annabella; Lily.Annabella@yopmail.com,Lily.Annabella@gmail.com
297,G,Lattie; Grier.Lattie@yopmail.com,Grier.Lattie@gmail.com
298,J,Kat; Jerry.Kat@yopmail.com,Jerry.Kat@gmail.com
299,D,Jerold; Donnie.Jerold@yopmail.com,Donnie.Jerold@gmail.com
300,M,Riordan; Meriel.Riordan@yopmail.com,Meriel.Riordan@gmail.com
301,J,Cynar; Jinny.Cynar@yopmail.com,Jinny.Cynar@gmail.com
302,A,Modie; Addia.Modie@yopmail.com,Addia.Modie@gmail.com
303,E,Andrel; Elvira.Andrel@yopmail.com,Elvira.Andrel@gmail.com
304,S,Hieronymus; Shauna.Hieronymus@yopmail.com,Shauna.Hieronymus@gmail.com
305,I,Saint; Isa.Saint@yopmail.com,Isa.Saint@gmail.com
306,H,Birdella; Hyacinthe.Birdella@yopmail.com,Hyacinthe.Birdella@gmail.com
307,K,Riordan; Kassey.Riordan@yopmail.com,Kassey.Riordan@gmail.com
308,J,Brady; Jean.Brady@yopmail.com,Jean.Brady@gmail.com
309,F,Bahr; Farrah.Bahr@yopmail.com,Farrah.Bahr@gmail.com
310,E,Hylan; Estell.Hylan@yopmail.com,Estell.Hylan@gmail.com
311,J,Liva; Joane.Liva@yopmail.com,Joane.Liva@gmail.com
312,Y,Jefferey; Yolane.Jefferey@yopmail.com,Yolane.Jefferey@gmail.com
313,D,Kellby; Devina.Kellby@yopmail.com,Devina.Kellby@gmail.com
314,T,Ackerley; Tybie.Ackerley@yopmail.com,Tybie.Ackerley@gmail.com
315,T,Konyn; Tressa.Konyn@yopmail.com,Tressa.Konyn@gmail.com
316,I,Edison; Ileana.Edison@yopmail.com,Ileana.Edison@gmail.com
317,D,Camden; Dyann.Camden@yopmail.com,Dyann.Camden@gmail.com
318,H,Erich; Harrietta.Erich@yopmail.com,Harrietta.Erich@gmail.com
319,G,Nester; Grier.Nester@yopmail.com,Grier.Nester@gmail.com
320,Q,Carolin; Queenie.Carolin@yopmail.com,Queenie.Carolin@gmail.com
321,X,Pozzy; Xylina.Pozzy@yopmail.com,Xylina.Pozzy@gmail.com
322,V,Ranjiv; Vinita.Ranjiv@yopmail.com,Vinita.Ranjiv@gmail.com
323,R,Wandie; Rosaline.Wandie@yopmail.com,Rosaline.Wandie@gmail.com
324,H,Odell; Hollie.Odell@yopmail.com,Hollie.Odell@gmail.com
325,C,Haldas; Clementine.Haldas@yopmail.com,Clementine.Haldas@gmail.com
326,J,Sperling; Jenda.Sperling@yopmail.com,Jenda.Sperling@gmail.com
327,S,Holbrook; Sheelagh.Holbrook@yopmail.com,Sheelagh.Holbrook@gmail.com
328,A,Travax; Aubrie.Travax@yopmail.com,Aubrie.Travax@gmail.com
329,H,Ajay; Hildegaard.Ajay@yopmail.com,Hildegaard.Ajay@gmail.com
330,A,Nahum; Amelia.Nahum@yopmail.com,Amelia.Nahum@gmail.com
331,D,Bollay; Di.Bollay@yopmail.com,Di.Bollay@gmail.com
332,P,Telfer; Paola.Telfer@yopmail.com,Paola.Telfer@gmail.com
333,R,Thar; Roseline.Thar@yopmail.com,Roseline.Thar@gmail.com
334,V,Warthman; Viki.Warthman@yopmail.com,Viki.Warthman@gmail.com
335,C,Susannah; Carolina.Susannah@yopmail.com,Carolina.Susannah@gmail.com
336,B,Ramona; Brynna.Ramona@yopmail.com,Brynna.Ramona@gmail.com
337,K,Dichy; Kirstin.Dichy@yopmail.com,Kirstin.Dichy@gmail.com
338,E,Othilia; Elyssa.Othilia@yopmail.com,Elyssa.Othilia@gmail.com
339,U,Louanna; Ulrike.Louanna@yopmail.com,Ulrike.Louanna@gmail.com
340,F,Penelopa; Fawne.Penelopa@yopmail.com,Fawne.Penelopa@gmail.com
341,L,Armanda; Lisette.Armanda@yopmail.com,Lisette.Armanda@gmail.com
342,M,Shaver; Mignon.Shaver@yopmail.com,Mignon.Shaver@gmail.com
343,K,Ellerey; Kaja.Ellerey@yopmail.com,Kaja.Ellerey@gmail.com
344,K,Gemini; Kathy.Gemini@yopmail.com,Kathy.Gemini@gmail.com
345,E,Drisko; Eugine.Drisko@yopmail.com,Eugine.Drisko@gmail.com
346,J,Urias; Jan.Urias@yopmail.com,Jan.Urias@gmail.com
347,G,Rheingold; Gratia.Rheingold@yopmail.com,Gratia.Rheingold@gmail.com
348,L,Arathorn; Lory.Arathorn@yopmail.com,Lory.Arathorn@gmail.com
349,K,Norvol; Kalina.Norvol@yopmail.com,Kalina.Norvol@gmail.com
350,K,Gerge; Kassey.Gerge@yopmail.com,Kassey.Gerge@gmail.com
351,B,August; Brietta.August@yopmail.com,Brietta.August@gmail.com
352,H,Kunin; Henriette.Kunin@yopmail.com,Henriette.Kunin@gmail.com
353,M,Claudine; Marinna.Claudine@yopmail.com,Marinna.Claudine@gmail.com
354,E,Judye; Eve.Judye@yopmail.com,Eve.Judye@gmail.com
355,C,Garlinda; Celisse.Garlinda@yopmail.com,Celisse.Garlinda@gmail.com
356,J,Boycey; June.Boycey@yopmail.com,June.Boycey@gmail.com
357,A,Madelene; Amalie.Madelene@yopmail.com,Amalie.Madelene@gmail.com
358,S,Jess; Sherrie.Jess@yopmail.com,Sherrie.Jess@gmail.com
359,D,Sprage; Dianemarie.Sprage@yopmail.com,Dianemarie.Sprage@gmail.com
360,S,Destinee; Shannah.Destinee@yopmail.com,Shannah.Destinee@gmail.com
361,G,Iiette; Gaylene.Iiette@yopmail.com,Gaylene.Iiette@gmail.com
362,R,Grosz; Rivalee.Grosz@yopmail.com,Rivalee.Grosz@gmail.com
363,I,Phyllis; Ilse.Phyllis@yopmail.com,Ilse.Phyllis@gmail.com
364,N,Leonard; Nikki.Leonard@yopmail.com,Nikki.Leonard@gmail.com
365,E,Moseley; Eolanda.Moseley@yopmail.com,Eolanda.Moseley@gmail.com
366,T,Thar; Tami.Thar@yopmail.com,Tami.Thar@gmail.com
367,R,Camden; Roseline.Camden@yopmail.com,Roseline.Camden@gmail.com
368,T,Loeb; Tatiania.Loeb@yopmail.com,Tatiania.Loeb@gmail.com
369,K,Johanna; Karlee.Johanna@yopmail.com,Karlee.Johanna@gmail.com
370,O,Tippets; Ofilia.Tippets@yopmail.com,Ofilia.Tippets@gmail.com
371,M,Roumell; Mary.Roumell@yopmail.com,Mary.Roumell@gmail.com
372,C,Brandice; Chere.Brandice@yopmail.com,Chere.Brandice@gmail.com
373,B,Henebry; Brianna.Henebry@yopmail.com,Brianna.Henebry@gmail.com
374,D,Hieronymus; Damaris.Hieronymus@yopmail.com,Damaris.Hieronymus@gmail.com
375,A,Delila; Adriana.Delila@yopmail.com,Adriana.Delila@gmail.com
376,N,Lilas; Nyssa.Lilas@yopmail.com,Nyssa.Lilas@gmail.com
377,R,Markman; Rubie.Markman@yopmail.com,Rubie.Markman@gmail.com
378,P,Daniele; Petronia.Daniele@yopmail.com,Petronia.Daniele@gmail.com
379,A,Delacourt; Addia.Delacourt@yopmail.com,Addia.Delacourt@gmail.com
380,M,Calhoun; Morganica.Calhoun@yopmail.com,Morganica.Calhoun@gmail.com
381,K,Constancy; Kaja.Constancy@yopmail.com,Kaja.Constancy@gmail.com
382,G,Paton; Gusty.Paton@yopmail.com,Gusty.Paton@gmail.com
383,T,Cleo; Tonia.Cleo@yopmail.com,Tonia.Cleo@gmail.com
384,C,Gahl; Corry.Gahl@yopmail.com,Corry.Gahl@gmail.com
385,N,Ovid; Neila.Ovid@yopmail.com,Neila.Ovid@gmail.com
386,T,Brunell; Teriann.Brunell@yopmail.com,Teriann.Brunell@gmail.com
387,C,Moseley; Cacilie.Moseley@yopmail.com,Cacilie.Moseley@gmail.com
388,G,Shanley; Gratia.Shanley@yopmail.com,Gratia.Shanley@gmail.com
389,A,Taima; Antonietta.Taima@yopmail.com,Antonietta.Taima@gmail.com
390,L,Dorcy; Lolita.Dorcy@yopmail.com,Lolita.Dorcy@gmail.com
391,B,Joli; Beth.Joli@yopmail.com,Beth.Joli@gmail.com
392,R,Durware; Raina.Durware@yopmail.com,Raina.Durware@gmail.com
393,T,Woodberry; Trixi.Woodberry@yopmail.com,Trixi.Woodberry@gmail.com
394,P,Claudine; Pollyanna.Claudine@yopmail.com,Pollyanna.Claudine@gmail.com
395,F,Juliet; Flo.Juliet@yopmail.com,Flo.Juliet@gmail.com
396,T,Georas; Tracey.Georas@yopmail.com,Tracey.Georas@gmail.com
397,O,Jerold; Ofilia.Jerold@yopmail.com,Ofilia.Jerold@gmail.com
398,S,Wenoa; Sindee.Wenoa@yopmail.com,Sindee.Wenoa@gmail.com
399,D,Quinn; Danika.Quinn@yopmail.com,Danika.Quinn@gmail.com
400,K,Sibyls; Kerrin.Sibyls@yopmail.com,Kerrin.Sibyls@gmail.com
401,V,Seessel; Vere.Seessel@yopmail.com,Vere.Seessel@gmail.com
402,E,Brenn; Eadie.Brenn@yopmail.com,Eadie.Brenn@gmail.com
403,C,Wooster; Concettina.Wooster@yopmail.com,Concettina.Wooster@gmail.com
404,K,Janene; Kassey.Janene@yopmail.com,Kassey.Janene@gmail.com
405,A,Marden; Averyl.Marden@yopmail.com,Averyl.Marden@gmail.com
406,M,Glovsky; Mariann.Glovsky@yopmail.com,Mariann.Glovsky@gmail.com
407,I,Guildroy; Inga.Guildroy@yopmail.com,Inga.Guildroy@gmail.com
408,F,Brenn; Florie.Brenn@yopmail.com,Florie.Brenn@gmail.com
409,D,Goddard; Deirdre.Goddard@yopmail.com,Deirdre.Goddard@gmail.com
410,E,Faria; Edyth.Faria@yopmail.com,Edyth.Faria@gmail.com
411,E,Burch; Eve.Burch@yopmail.com,Eve.Burch@gmail.com
412,C,Roumell; Celestyna.Roumell@yopmail.com,Celestyna.Roumell@gmail.com
413,C,Chinua; Caressa.Chinua@yopmail.com,Caressa.Chinua@gmail.com
414,K,Hermes; Korrie.Hermes@yopmail.com,Korrie.Hermes@gmail.com
415,C,Stanwood; Corene.Stanwood@yopmail.com,Corene.Stanwood@gmail.com
416,R,Whittaker; Regina.Whittaker@yopmail.com,Regina.Whittaker@gmail.com
417,A,Zeeba; Adelle.Zeeba@yopmail.com,Adelle.Zeeba@gmail.com
418,M,Podvin; Merle.Podvin@yopmail.com,Merle.Podvin@gmail.com
419,M,Miru; Myriam.Miru@yopmail.com,Myriam.Miru@gmail.com
420,B,Faso; Benita.Faso@yopmail.com,Benita.Faso@gmail.com
421,K,Flyn; Konstance.Flyn@yopmail.com,Konstance.Flyn@gmail.com
422,S,Mitzi; Stephanie.Mitzi@yopmail.com,Stephanie.Mitzi@gmail.com
423,A,Simmonds; Angela.Simmonds@yopmail.com,Angela.Simmonds@gmail.com
424,I,Iaverne; Isa.Iaverne@yopmail.com,Isa.Iaverne@gmail.com
425,E,Cavan; Elora.Cavan@yopmail.com,Elora.Cavan@gmail.com
426,J,Felizio; Jerry.Felizio@yopmail.com,Jerry.Felizio@gmail.com
427,S,Leonard; Sabina.Leonard@yopmail.com,Sabina.Leonard@gmail.com
428,A,Horan; Ariela.Horan@yopmail.com,Ariela.Horan@gmail.com
429,A,Sherfield; Ardys.Sherfield@yopmail.com,Ardys.Sherfield@gmail.com
430,J,Kathie; Jillayne.Kathie@yopmail.com,Jillayne.Kathie@gmail.com
431,E,Isidore; Ellette.Isidore@yopmail.com,Ellette.Isidore@gmail.com
432,N,Plato; Nessie.Plato@yopmail.com,Nessie.Plato@gmail.com
433,J,Cleavland; Jackie.Cleavland@yopmail.com,Jackie.Cleavland@gmail.com
434,S,Blase; Sharai.Blase@yopmail.com,Sharai.Blase@gmail.com
435,J,Persse; Jobi.Persse@yopmail.com,Jobi.Persse@gmail.com
436,B,Ophelia; Brandise.Ophelia@yopmail.com,Brandise.Ophelia@gmail.com
437,E,Vale; Edith.Vale@yopmail.com,Edith.Vale@gmail.com
438,A,Philoo; Ana.Philoo@yopmail.com,Ana.Philoo@gmail.com
439,L,Noman; Lyssa.Noman@yopmail.com,Lyssa.Noman@gmail.com
440,J,Raffo; Judy.Raffo@yopmail.com,Judy.Raffo@gmail.com
441,C,Elephus; Clo.Elephus@yopmail.com,Clo.Elephus@gmail.com
442,S,Juliet; Silvana.Juliet@yopmail.com,Silvana.Juliet@gmail.com
443,D,Parsaye; Dode.Parsaye@yopmail.com,Dode.Parsaye@gmail.com
444,L,Lacombe; Lacie.Lacombe@yopmail.com,Lacie.Lacombe@gmail.com
445,J,Graig; Jany.Graig@yopmail.com,Jany.Graig@gmail.com
446,A,Alisia; Aimil.Alisia@yopmail.com,Aimil.Alisia@gmail.com
447,T,Love; Tatiania.Love@yopmail.com,Tatiania.Love@gmail.com
448,P,Dulciana; Pamella.Dulciana@yopmail.com,Pamella.Dulciana@gmail.com
449,O,Slifka; Olwen.Slifka@yopmail.com,Olwen.Slifka@gmail.com
450,F,McGrody; Frieda.McGrody@yopmail.com,Frieda.McGrody@gmail.com
451,H,Irmine; Halette.Irmine@yopmail.com,Halette.Irmine@gmail.com
452,S,Wildermuth; Sam.Wildermuth@yopmail.com,Sam.Wildermuth@gmail.com
453,E,Yoko; Estell.Yoko@yopmail.com,Estell.Yoko@gmail.com
454,R,Vale; Roberta.Vale@yopmail.com,Roberta.Vale@gmail.com
455,L,Lissi; Lorenza.Lissi@yopmail.com,Lorenza.Lissi@gmail.com
456,B,Kravits; Brana.Kravits@yopmail.com,Brana.Kravits@gmail.com
457,S,Serilda; Sharlene.Serilda@yopmail.com,Sharlene.Serilda@gmail.com
458,J,Sabella; Joane.Sabella@yopmail.com,Joane.Sabella@gmail.com
459,M,Montgomery; Marita.Montgomery@yopmail.com,Marita.Montgomery@gmail.com
460,C,Millda; Chere.Millda@yopmail.com,Chere.Millda@gmail.com
461,C,Vins; Charmaine.Vins@yopmail.com,Charmaine.Vins@gmail.com
462,L,Ingra; Leia.Ingra@yopmail.com,Leia.Ingra@gmail.com
463,E,Magnolia; Estell.Magnolia@yopmail.com,Estell.Magnolia@gmail.com
464,S,Zachary; Shirlee.Zachary@yopmail.com,Shirlee.Zachary@gmail.com
465,S,Strephon; Sadie.Strephon@yopmail.com,Sadie.Strephon@gmail.com
466,A,Ball; Andree.Ball@yopmail.com,Andree.Ball@gmail.com
467,B,Giule; Brooks.Giule@yopmail.com,Brooks.Giule@gmail.com
468,R,Longfellow; Rhea.Longfellow@yopmail.com,Rhea.Longfellow@gmail.com
469,A,Marden; Aaren.Marden@yopmail.com,Aaren.Marden@gmail.com
470,K,Buffum; Karlee.Buffum@yopmail.com,Karlee.Buffum@gmail.com
471,A,Haldas; Ashlee.Haldas@yopmail.com,Ashlee.Haldas@gmail.com
472,N,Odell; Nadine.Odell@yopmail.com,Nadine.Odell@gmail.com
473,H,Neils; Helena.Neils@yopmail.com,Helena.Neils@gmail.com
474,L,Secrest; Lorenza.Secrest@yopmail.com,Lorenza.Secrest@gmail.com
475,R,Hathaway; Rhea.Hathaway@yopmail.com,Rhea.Hathaway@gmail.com
476,G,Kirbee; Gilligan.Kirbee@yopmail.com,Gilligan.Kirbee@gmail.com
477,E,Zrike; Elka.Zrike@yopmail.com,Elka.Zrike@gmail.com
478,S,Melony; Sophia.Melony@yopmail.com,Sophia.Melony@gmail.com
479,G,Waldron; Gui.Waldron@yopmail.com,Gui.Waldron@gmail.com
480,M,Syd; Meriel.Syd@yopmail.com,Meriel.Syd@gmail.com
481,K,Raffo; Korrie.Raffo@yopmail.com,Korrie.Raffo@gmail.com
482,M,Yoko; Maridel.Yoko@yopmail.com,Maridel.Yoko@gmail.com
483,J,Jefferey; June.Jefferey@yopmail.com,June.Jefferey@gmail.com
484,S,Neva; Shaylyn.Neva@yopmail.com,Shaylyn.Neva@gmail.com
485,C,Laverne; Claudina.Laverne@yopmail.com,Claudina.Laverne@gmail.com
486,D,Federica; Donetta.Federica@yopmail.com,Donetta.Federica@gmail.com
487,O,Liva; Orsola.Liva@yopmail.com,Orsola.Liva@gmail.com
488,C,Aaberg; Collen.Aaberg@yopmail.com,Collen.Aaberg@gmail.com
489,D,Dosia; Dorice.Dosia@yopmail.com,Dorice.Dosia@gmail.com
490,L,Bohlin; Lily.Bohlin@yopmail.com,Lily.Bohlin@gmail.com
491,K,Gibbeon; Kial.Gibbeon@yopmail.com,Kial.Gibbeon@gmail.com
492,J,Percy; Jeanna.Percy@yopmail.com,Jeanna.Percy@gmail.com
493,E,Cleavland; Elise.Cleavland@yopmail.com,Elise.Cleavland@gmail.com
494,R,Tound; Rochette.Tound@yopmail.com,Rochette.Tound@gmail.com
495,C,Zamora; Cissiee.Zamora@yopmail.com,Cissiee.Zamora@gmail.com
496,C,Ardeha; Catharine.Ardeha@yopmail.com,Catharine.Ardeha@gmail.com
497,S,Turne; Sam.Turne@yopmail.com,Sam.Turne@gmail.com
498,S,Libna; Sashenka.Libna@yopmail.com,Sashenka.Libna@gmail.com
499,E,Swigart; Emelina.Swigart@yopmail.com,Emelina.Swigart@gmail.com
500,A,Andrel; Alex.Andrel@yopmail.com,Alex.Andrel@gmail.com
501,B,Yam; Britni.Yam@yopmail.com,Britni.Yam@gmail.com
502,P,Felecia; Paule.Felecia@yopmail.com,Paule.Felecia@gmail.com
503,N,Cherianne; Nonnah.Cherianne@yopmail.com,Nonnah.Cherianne@gmail.com
504,M,Bashemeth; Merry.Bashemeth@yopmail.com,Merry.Bashemeth@gmail.com
505,C,Joli; Clementine.Joli@yopmail.com,Clementine.Joli@gmail.com
506,M,Miru; Merle.Miru@yopmail.com,Merle.Miru@gmail.com
507,T,Othilia; Tiffie.Othilia@yopmail.com,Tiffie.Othilia@gmail.com
508,H,Brandice; Hope.Brandice@yopmail.com,Hope.Brandice@gmail.com
509,E,Stav; Elora.Stav@yopmail.com,Elora.Stav@gmail.com
510,E,Hirsch; Elise.Hirsch@yopmail.com,Elise.Hirsch@gmail.com
511,M,Suzetta; Minne.Suzetta@yopmail.com,Minne.Suzetta@gmail.com
512,M,Pascia; Mathilda.Pascia@yopmail.com,Mathilda.Pascia@gmail.com
513,M,Fairweather; Maryellen.Fairweather@yopmail.com,Maryellen.Fairweather@gmail.com
514,C,Alejoa; Corina.Alejoa@yopmail.com,Corina.Alejoa@gmail.com
515,B,Aurelio; Berta.Aurelio@yopmail.com,Berta.Aurelio@gmail.com
516,M,Vanni; Mathilda.Vanni@yopmail.com,Mathilda.Vanni@gmail.com
517,J,Si; Jerry.Si@yopmail.com,Jerry.Si@gmail.com
518,V,Lorenz; Viviene.Lorenz@yopmail.com,Viviene.Lorenz@gmail.com
519,A,Prober; Ann-Marie.Prober@yopmail.com,Ann-Marie.Prober@gmail.com
520,R,Si; Rosanne.Si@yopmail.com,Rosanne.Si@gmail.com
521,N,Garek; Nicoli.Garek@yopmail.com,Nicoli.Garek@gmail.com
522,C,Abram; Catrina.Abram@yopmail.com,Catrina.Abram@gmail.com
523,G,Bethany; Gratia.Bethany@yopmail.com,Gratia.Bethany@gmail.com
524,E,Jerold; Etta.Jerold@yopmail.com,Etta.Jerold@gmail.com
525,P,Roche; Pamella.Roche@yopmail.com,Pamella.Roche@gmail.com
526,J,Richers; Jaime.Richers@yopmail.com,Jaime.Richers@gmail.com
527,D,Jeanne; Deedee.Jeanne@yopmail.com,Deedee.Jeanne@gmail.com
528,M,Lia; Miquela.Lia@yopmail.com,Miquela.Lia@gmail.com
529,C,Engdahl; Carlie.Engdahl@yopmail.com,Carlie.Engdahl@gmail.com
530,N,Niles; Norine.Niles@yopmail.com,Norine.Niles@gmail.com
531,A,Blake; Alex.Blake@yopmail.com,Alex.Blake@gmail.com
532,J,August; Jobi.August@yopmail.com,Jobi.August@gmail.com
533,A,Pond; Adele.Pond@yopmail.com,Adele.Pond@gmail.com
534,C,Beebe; Clo.Beebe@yopmail.com,Clo.Beebe@gmail.com
535,A,Naor; Annecorinne.Naor@yopmail.com,Annecorinne.Naor@gmail.com
536,K,Toni; Kara-Lynn.Toni@yopmail.com,Kara-Lynn.Toni@gmail.com
537,G,Medrek; Gabriellia.Medrek@yopmail.com,Gabriellia.Medrek@gmail.com
538,M,Sabella; Marguerite.Sabella@yopmail.com,Marguerite.Sabella@gmail.com
539,J,Celestine; Janis.Celestine@yopmail.com,Janis.Celestine@gmail.com
540,C,Milson; Caryl.Milson@yopmail.com,Caryl.Milson@gmail.com
541,A,Elbertina; Aili.Elbertina@yopmail.com,Aili.Elbertina@gmail.com
542,D,Screens; Daryl.Screens@yopmail.com,Daryl.Screens@gmail.com
543,T,Merna; Tabbatha.Merna@yopmail.com,Tabbatha.Merna@gmail.com
544,L,Bultman; Lynnea.Bultman@yopmail.com,Lynnea.Bultman@gmail.com
545,D,Dichy; Darlleen.Dichy@yopmail.com,Darlleen.Dichy@gmail.com
546,H,Mintz; Heddie.Mintz@yopmail.com,Heddie.Mintz@gmail.com
547,T,Gamaliel; Tierney.Gamaliel@yopmail.com,Tierney.Gamaliel@gmail.com
548,T,Pitt; Tybie.Pitt@yopmail.com,Tybie.Pitt@gmail.com
549,F,Rogerio; Fina.Rogerio@yopmail.com,Fina.Rogerio@gmail.com
550,T,Behre; Trudie.Behre@yopmail.com,Trudie.Behre@gmail.com
551,A,Marsden; Allyce.Marsden@yopmail.com,Allyce.Marsden@gmail.com
552,D,Mott; Deedee.Mott@yopmail.com,Deedee.Mott@gmail.com
553,M,Orlene; Melodie.Orlene@yopmail.com,Melodie.Orlene@gmail.com
554,L,Cottle; Lusa.Cottle@yopmail.com,Lusa.Cottle@gmail.com
555,J,Imelida; Jerry.Imelida@yopmail.com,Jerry.Imelida@gmail.com
556,G,Skurnik; Gaylene.Skurnik@yopmail.com,Gaylene.Skurnik@gmail.com
557,K,Sinegold; Kimberley.Sinegold@yopmail.com,Kimberley.Sinegold@gmail.com
558,L,Sheng; Lolita.Sheng@yopmail.com,Lolita.Sheng@gmail.com
559,C,Doig; Cam.Doig@yopmail.com,Cam.Doig@gmail.com
560,J,Blase; Jemie.Blase@yopmail.com,Jemie.Blase@gmail.com
561,T,Mitzi; Tracey.Mitzi@yopmail.com,Tracey.Mitzi@gmail.com
562,A,Hanleigh; Agathe.Hanleigh@yopmail.com,Agathe.Hanleigh@gmail.com
563,R,Orelee; Rosabelle.Orelee@yopmail.com,Rosabelle.Orelee@gmail.com
564,B,Eckblad; Brandise.Eckblad@yopmail.com,Brandise.Eckblad@gmail.com
565,L,Magnolia; Luci.Magnolia@yopmail.com,Luci.Magnolia@gmail.com
566,A,Marisa; Anica.Marisa@yopmail.com,Anica.Marisa@gmail.com
567,C,Howlyn; Carmela.Howlyn@yopmail.com,Carmela.Howlyn@gmail.com
568,L,Dyche; Lita.Dyche@yopmail.com,Lita.Dyche@gmail.com
569,H,Bethany; Heddie.Bethany@yopmail.com,Heddie.Bethany@gmail.com
570,M,Harned; Madeleine.Harned@yopmail.com,Madeleine.Harned@gmail.com
571,J,Miru; Janis.Miru@yopmail.com,Janis.Miru@gmail.com
572,O,Marden; Oralee.Marden@yopmail.com,Oralee.Marden@gmail.com
573,S,Ingra; Sashenka.Ingra@yopmail.com,Sashenka.Ingra@gmail.com
574,Z,Baudin; Zaria.Baudin@yopmail.com,Zaria.Baudin@gmail.com
575,S,Pettiford; Shaylyn.Pettiford@yopmail.com,Shaylyn.Pettiford@gmail.com
576,N,Damarra; Neila.Damarra@yopmail.com,Neila.Damarra@gmail.com
577,A,Caitlin; Anthia.Caitlin@yopmail.com,Anthia.Caitlin@gmail.com
578,C,Ovid; Claudina.Ovid@yopmail.com,Claudina.Ovid@gmail.com
579,K,Halsey; Kerrin.Halsey@yopmail.com,Kerrin.Halsey@gmail.com
580,K,Roarke; Kore.Roarke@yopmail.com,Kore.Roarke@gmail.com
581,V,Justinn; Vanessa.Justinn@yopmail.com,Vanessa.Justinn@gmail.com
582,F,Ophelia; Frank.Ophelia@yopmail.com,Frank.Ophelia@gmail.com
583,D,Byrne; Debee.Byrne@yopmail.com,Debee.Byrne@gmail.com
584,D,Pernick; Damaris.Pernick@yopmail.com,Damaris.Pernick@gmail.com
585,D,Percy; Donetta.Percy@yopmail.com,Donetta.Percy@gmail.com
586,D,Lail; Dari.Lail@yopmail.com,Dari.Lail@gmail.com
587,S,Telfer; Sybille.Telfer@yopmail.com,Sybille.Telfer@gmail.com
588,C,Baptlsta; Codie.Baptlsta@yopmail.com,Codie.Baptlsta@gmail.com
589,M,Kress; Marguerite.Kress@yopmail.com,Marguerite.Kress@gmail.com
590,H,Johanna; Helena.Johanna@yopmail.com,Helena.Johanna@gmail.com
591,A,Voletta; Aili.Voletta@yopmail.com,Aili.Voletta@gmail.com
592,M,Amand; Michaelina.Amand@yopmail.com,Michaelina.Amand@gmail.com
593,R,Velick; Robbi.Velick@yopmail.com,Robbi.Velick@gmail.com
594,F,Monk; Frank.Monk@yopmail.com,Frank.Monk@gmail.com
595,H,Boehike; Hettie.Boehike@yopmail.com,Hettie.Boehike@gmail.com
596,T,Autrey; Tierney.Autrey@yopmail.com,Tierney.Autrey@gmail.com
597,K,Lenny; Ketti.Lenny@yopmail.com,Ketti.Lenny@gmail.com
598,T,Ackerley; Tina.Ackerley@yopmail.com,Tina.Ackerley@gmail.com
599,O,Reneta; Oralee.Reneta@yopmail.com,Oralee.Reneta@gmail.com
600,A,Liva; Andree.Liva@yopmail.com,Andree.Liva@gmail.com
601,A,Charmine; Agnese.Charmine@yopmail.com,Agnese.Charmine@gmail.com
602,J,Merat; Joleen.Merat@yopmail.com,Joleen.Merat@gmail.com
603,M,Gert; Marleah.Gert@yopmail.com,Marleah.Gert@gmail.com
604,C,Durware; Carly.Durware@yopmail.com,Carly.Durware@gmail.com
605,N,Shaver; Nannie.Shaver@yopmail.com,Nannie.Shaver@gmail.com
606,J,Paine; Jessy.Paine@yopmail.com,Jessy.Paine@gmail.com
607,C,Evvie; Clo.Evvie@yopmail.com,Clo.Evvie@gmail.com
608,M,Hunfredo; Meriel.Hunfredo@yopmail.com,Meriel.Hunfredo@gmail.com
609,A,Moseley; Augustine.Moseley@yopmail.com,Augustine.Moseley@gmail.com
610,A,Stav; Amii.Stav@yopmail.com,Amii.Stav@gmail.com
611,A,Silvan; Adriana.Silvan@yopmail.com,Adriana.Silvan@gmail.com
612,K,Garlinda; Keelia.Garlinda@yopmail.com,Keelia.Garlinda@gmail.com
613,J,Sigfrid; Julieta.Sigfrid@yopmail.com,Julieta.Sigfrid@gmail.com
614,C,Malina; Correy.Malina@yopmail.com,Correy.Malina@gmail.com
615,E,Toffic; Ellette.Toffic@yopmail.com,Ellette.Toffic@gmail.com
616,P,Gunn; Paulita.Gunn@yopmail.com,Paulita.Gunn@gmail.com
617,B,Chabot; Bee.Chabot@yopmail.com,Bee.Chabot@gmail.com
618,S,Buffum; Sissy.Buffum@yopmail.com,Sissy.Buffum@gmail.com
619,A,Hazlett; Annora.Hazlett@yopmail.com,Annora.Hazlett@gmail.com
620,G,Cordi; Goldie.Cordi@yopmail.com,Goldie.Cordi@gmail.com
621,C,Mitzi; Carlie.Mitzi@yopmail.com,Carlie.Mitzi@gmail.com
622,O,Gavrila; Oralee.Gavrila@yopmail.com,Oralee.Gavrila@gmail.com
623,S,Breed; Sam.Breed@yopmail.com,Sam.Breed@gmail.com
624,H,Sikorski; Hannis.Sikorski@yopmail.com,Hannis.Sikorski@gmail.com
625,K,Othilia; Karlee.Othilia@yopmail.com,Karlee.Othilia@gmail.com
626,W,Henebry; Wendi.Henebry@yopmail.com,Wendi.Henebry@gmail.com
627,M,Deegan; Mara.Deegan@yopmail.com,Mara.Deegan@gmail.com
628,C,Montgomery; Catrina.Montgomery@yopmail.com,Catrina.Montgomery@gmail.com
629,G,Connelly; Gloria.Connelly@yopmail.com,Gloria.Connelly@gmail.com
630,I,Herrera; Isa.Herrera@yopmail.com,Isa.Herrera@gmail.com
631,H,Loleta; Heddie.Loleta@yopmail.com,Heddie.Loleta@gmail.com
632,B,Ardra; Babita.Ardra@yopmail.com,Babita.Ardra@gmail.com
633,D,Cressida; Dari.Cressida@yopmail.com,Dari.Cressida@gmail.com
634,K,Adalbert; Karlee.Adalbert@yopmail.com,Karlee.Adalbert@gmail.com
635,A,Nance; Amara.Nance@yopmail.com,Amara.Nance@gmail.com
636,L,Wyn; Louella.Wyn@yopmail.com,Louella.Wyn@gmail.com
637,R,Klemperer; Rosanne.Klemperer@yopmail.com,Rosanne.Klemperer@gmail.com
638,A,Tillford; Alex.Tillford@yopmail.com,Alex.Tillford@gmail.com
639,F,Jehu; Frieda.Jehu@yopmail.com,Frieda.Jehu@gmail.com
640,G,Johanna; Gianina.Johanna@yopmail.com,Gianina.Johanna@gmail.com
641,Z,Franza; Zsa Zsa.Franza@yopmail.com,Zsa Zsa.Franza@gmail.com
642,M,Anestassia; Melanie.Anestassia@yopmail.com,Melanie.Anestassia@gmail.com
643,A,Ventre; Annaliese.Ventre@yopmail.com,Annaliese.Ventre@gmail.com
644,C,Han; Clarice.Han@yopmail.com,Clarice.Han@gmail.com
645,C,Erlandson; Carolina.Erlandson@yopmail.com,Carolina.Erlandson@gmail.com
646,A,Audly; Alie.Audly@yopmail.com,Alie.Audly@gmail.com
647,C,Desai; Collen.Desai@yopmail.com,Collen.Desai@gmail.com
648,B,Flita; Berget.Flita@yopmail.com,Berget.Flita@gmail.com
649,J,Cordi; Jolyn.Cordi@yopmail.com,Jolyn.Cordi@gmail.com
650,M,Duwalt; Marcelline.Duwalt@yopmail.com,Marcelline.Duwalt@gmail.com
651,B,Tacye; Basia.Tacye@yopmail.com,Basia.Tacye@gmail.com
652,E,Palocz; Ekaterina.Palocz@yopmail.com,Ekaterina.Palocz@gmail.com
653,L,Kiyoshi; Leona.Kiyoshi@yopmail.com,Leona.Kiyoshi@gmail.com
654,M,Callista; Merry.Callista@yopmail.com,Merry.Callista@gmail.com
655,C,Bonilla; Concettina.Bonilla@yopmail.com,Concettina.Bonilla@gmail.com
656,E,Gaynor; Elbertina.Gaynor@yopmail.com,Elbertina.Gaynor@gmail.com
657,C,Giule; Carly.Giule@yopmail.com,Carly.Giule@gmail.com
658,H,Frendel; Hildegaard.Frendel@yopmail.com,Hildegaard.Frendel@gmail.com
659,E,Gino; Elyssa.Gino@yopmail.com,Elyssa.Gino@gmail.com
660,O,Karna; Oralee.Karna@yopmail.com,Oralee.Karna@gmail.com
661,A,Creamer; Annaliese.Creamer@yopmail.com,Annaliese.Creamer@gmail.com
662,D,Leary; Dulce.Leary@yopmail.com,Dulce.Leary@gmail.com
663,F,Ochs; Fidelia.Ochs@yopmail.com,Fidelia.Ochs@gmail.com
664,G,Pandolfi; Gabi.Pandolfi@yopmail.com,Gabi.Pandolfi@gmail.com
665,T,Hashim; Tera.Hashim@yopmail.com,Tera.Hashim@gmail.com
666,M,Tannie; Morganica.Tannie@yopmail.com,Morganica.Tannie@gmail.com
667,N,Arne; Neila.Arne@yopmail.com,Neila.Arne@gmail.com
668,M,Dorine; Mary.Dorine@yopmail.com,Mary.Dorine@gmail.com
669,M,Wilkinson; Mallory.Wilkinson@yopmail.com,Mallory.Wilkinson@gmail.com
670,L,Timon; Libbie.Timon@yopmail.com,Libbie.Timon@gmail.com
671,N,Libna; Nananne.Libna@yopmail.com,Nananne.Libna@gmail.com
672,A,Yuille; Amalie.Yuille@yopmail.com,Amalie.Yuille@gmail.com
673,K,Borrell; Kimmy.Borrell@yopmail.com,Kimmy.Borrell@gmail.com
674,T,Hutchison; Tiffie.Hutchison@yopmail.com,Tiffie.Hutchison@gmail.com
675,P,Forrer; Pamella.Forrer@yopmail.com,Pamella.Forrer@gmail.com
676,S,Pyle; Selia.Pyle@yopmail.com,Selia.Pyle@gmail.com
677,E,Vernier; Elena.Vernier@yopmail.com,Elena.Vernier@gmail.com
678,I,Chrystel; Ilse.Chrystel@yopmail.com,Ilse.Chrystel@gmail.com
679,G,Jethro; Gabi.Jethro@yopmail.com,Gabi.Jethro@gmail.com
680,B,Pierette; Berta.Pierette@yopmail.com,Berta.Pierette@gmail.com
681,D,Levey; Dyann.Levey@yopmail.com,Dyann.Levey@gmail.com
682,B,Pandolfi; Bertine.Pandolfi@yopmail.com,Bertine.Pandolfi@gmail.com
683,J,Ehrman; Jenda.Ehrman@yopmail.com,Jenda.Ehrman@gmail.com
684,D,Darrell; Dale.Darrell@yopmail.com,Dale.Darrell@gmail.com
685,F,Konyn; Fawne.Konyn@yopmail.com,Fawne.Konyn@gmail.com
686,R,Emanuel; Riannon.Emanuel@yopmail.com,Riannon.Emanuel@gmail.com
687,B,Brady; Binny.Brady@yopmail.com,Binny.Brady@gmail.com
688,I,Milde; Inga.Milde@yopmail.com,Inga.Milde@gmail.com
689,T,Willie; Tilly.Willie@yopmail.com,Tilly.Willie@gmail.com
690,S,Chandler; Sean.Chandler@yopmail.com,Sean.Chandler@gmail.com
691,L,Lanita; Leontine.Lanita@yopmail.com,Leontine.Lanita@gmail.com
692,K,Salvidor; Karly.Salvidor@yopmail.com,Karly.Salvidor@gmail.com
693,M,Hoban; Mathilda.Hoban@yopmail.com,Mathilda.Hoban@gmail.com
694,B,Brodench; Bernardine.Brodench@yopmail.com,Bernardine.Brodench@gmail.com
695,D,Cornelia; Dolli.Cornelia@yopmail.com,Dolli.Cornelia@gmail.com
696,V,Millda; Valeda.Millda@yopmail.com,Valeda.Millda@gmail.com
697,T,Verger; Tersina.Verger@yopmail.com,Tersina.Verger@gmail.com
698,A,Ethban; Aili.Ethban@yopmail.com,Aili.Ethban@gmail.com
699,C,Margret; Cissiee.Margret@yopmail.com,Cissiee.Margret@gmail.com
700,G,Haymes; Gwenneth.Haymes@yopmail.com,Gwenneth.Haymes@gmail.com
701,N,Mike; Nelle.Mike@yopmail.com,Nelle.Mike@gmail.com
702,E,Niles; Elyssa.Niles@yopmail.com,Elyssa.Niles@gmail.com
703,A,Marcellus; Ada.Marcellus@yopmail.com,Ada.Marcellus@gmail.com
704,R,Teddman; Rebeca.Teddman@yopmail.com,Rebeca.Teddman@gmail.com
705,C,Hoenack; Christal.Hoenack@yopmail.com,Christal.Hoenack@gmail.com
706,E,McNully; Eugine.McNully@yopmail.com,Eugine.McNully@gmail.com
707,M,Fredi; Marti.Fredi@yopmail.com,Marti.Fredi@gmail.com
708,R,Laurianne; Rochette.Laurianne@yopmail.com,Rochette.Laurianne@gmail.com
709,E,Yerkovich; Emma.Yerkovich@yopmail.com,Emma.Yerkovich@gmail.com
710,J,Grimbly; Joane.Grimbly@yopmail.com,Joane.Grimbly@gmail.com
711,I,Taima; Ingrid.Taima@yopmail.com,Ingrid.Taima@gmail.com
712,E,Waite; Elbertina.Waite@yopmail.com,Elbertina.Waite@gmail.com
713,U,Annice; Ulrike.Annice@yopmail.com,Ulrike.Annice@gmail.com
714,D,Tristram; Dorthy.Tristram@yopmail.com,Dorthy.Tristram@gmail.com
715,D,Maxi; Danny.Maxi@yopmail.com,Danny.Maxi@gmail.com
716,C,Noelyn; Chandra.Noelyn@yopmail.com,Chandra.Noelyn@gmail.com
717,M,Giff; Magdalena.Giff@yopmail.com,Magdalena.Giff@gmail.com
718,C,Podvin; Calla.Podvin@yopmail.com,Calla.Podvin@gmail.com
719,C,Letsou; Camile.Letsou@yopmail.com,Camile.Letsou@gmail.com
720,A,Ferrell; Alisha.Ferrell@yopmail.com,Alisha.Ferrell@gmail.com
721,J,Brackely; Janis.Brackely@yopmail.com,Janis.Brackely@gmail.com
722,M,Tamar; Marika.Tamar@yopmail.com,Marika.Tamar@gmail.com
723,G,Tacye; Genovera.Tacye@yopmail.com,Genovera.Tacye@gmail.com
724,L,Annabella; Leeanne.Annabella@yopmail.com,Leeanne.Annabella@gmail.com
725,B,Crudden; Britte.Crudden@yopmail.com,Britte.Crudden@gmail.com
726,E,Earlie; Eugine.Earlie@yopmail.com,Eugine.Earlie@gmail.com
727,F,Ilka; Fina.Ilka@yopmail.com,Fina.Ilka@gmail.com
728,L,Lenny; Lauryn.Lenny@yopmail.com,Lauryn.Lenny@gmail.com
729,A,Gilmour; Anica.Gilmour@yopmail.com,Anica.Gilmour@gmail.com
730,M,Mullane; Marleah.Mullane@yopmail.com,Marleah.Mullane@gmail.com
731,N,Eugenia; Nataline.Eugenia@yopmail.com,Nataline.Eugenia@gmail.com
732,C,Skell; Chickie.Skell@yopmail.com,Chickie.Skell@gmail.com
733,P,Stefa; Perry.Stefa@yopmail.com,Perry.Stefa@gmail.com
734,H,Aurelio; Halette.Aurelio@yopmail.com,Halette.Aurelio@gmail.com
735,V,Evangelia; Vere.Evangelia@yopmail.com,Vere.Evangelia@gmail.com
736,J,Ricki; Jessamyn.Ricki@yopmail.com,Jessamyn.Ricki@gmail.com
737,F,Melony; Feliza.Melony@yopmail.com,Feliza.Melony@gmail.com
738,L,Rad; Larine.Rad@yopmail.com,Larine.Rad@gmail.com
739,M,Amand; Myrtice.Amand@yopmail.com,Myrtice.Amand@gmail.com
740,M,Madox; Mady.Madox@yopmail.com,Mady.Madox@gmail.com
741,K,Charmine; Kary.Charmine@yopmail.com,Kary.Charmine@gmail.com
742,J,Ralfston; Janis.Ralfston@yopmail.com,Janis.Ralfston@gmail.com
743,M,Dominy; Miquela.Dominy@yopmail.com,Miquela.Dominy@gmail.com
744,M,Autrey; Millie.Autrey@yopmail.com,Millie.Autrey@gmail.com
745,C,Goddard; Carmencita.Goddard@yopmail.com,Carmencita.Goddard@gmail.com
746,A,Alrich; Alisha.Alrich@yopmail.com,Alisha.Alrich@gmail.com
747,B,Weide; Beth.Weide@yopmail.com,Beth.Weide@gmail.com
748,Z,Lowry; Zsa Zsa.Lowry@yopmail.com,Zsa Zsa.Lowry@gmail.com
749,A,Suk; Aryn.Suk@yopmail.com,Aryn.Suk@gmail.com
750,L,Revkah; Linzy.Revkah@yopmail.com,Linzy.Revkah@gmail.com
751,G,Gilmour; Goldie.Gilmour@yopmail.com,Goldie.Gilmour@gmail.com
752,A,Gherardo; Addia.Gherardo@yopmail.com,Addia.Gherardo@gmail.com
753,R,Jobi; Regina.Jobi@yopmail.com,Regina.Jobi@gmail.com
754,M,Grobe; Marika.Grobe@yopmail.com,Marika.Grobe@gmail.com
755,I,Dahlia; Inga.Dahlia@yopmail.com,Inga.Dahlia@gmail.com
756,G,Lanita; Giustina.Lanita@yopmail.com,Giustina.Lanita@gmail.com
757,B,Zitvaa; Barbara.Zitvaa@yopmail.com,Barbara.Zitvaa@gmail.com
758,C,Blase; Christian.Blase@yopmail.com,Christian.Blase@gmail.com
759,V,Carolin; Valli.Carolin@yopmail.com,Valli.Carolin@gmail.com
760,R,Hull; Rosanne.Hull@yopmail.com,Rosanne.Hull@gmail.com
761,M,Rugen; Mary.Rugen@yopmail.com,Mary.Rugen@gmail.com
762,C,Bibi; Claresta.Bibi@yopmail.com,Claresta.Bibi@gmail.com
763,L,Cookie; Laure.Cookie@yopmail.com,Laure.Cookie@gmail.com
764,T,Nicoline; Trudie.Nicoline@yopmail.com,Trudie.Nicoline@gmail.com
765,D,Elbertina; Dotty.Elbertina@yopmail.com,Dotty.Elbertina@gmail.com
766,M,Ummersen; Meriel.Ummersen@yopmail.com,Meriel.Ummersen@gmail.com
767,B,Kalinda; Barbara.Kalinda@yopmail.com,Barbara.Kalinda@gmail.com
768,H,Kamaria; Hildegaard.Kamaria@yopmail.com,Hildegaard.Kamaria@gmail.com
769,R,Libna; Renae.Libna@yopmail.com,Renae.Libna@gmail.com
770,A,Stilwell; Andree.Stilwell@yopmail.com,Andree.Stilwell@gmail.com
771,W,Miru; Wendi.Miru@yopmail.com,Wendi.Miru@gmail.com
772,B,Fulmer; Bobbi.Fulmer@yopmail.com,Bobbi.Fulmer@gmail.com
773,C,Lacombe; Cristabel.Lacombe@yopmail.com,Cristabel.Lacombe@gmail.com
774,Z,Boycey; Zaria.Boycey@yopmail.com,Zaria.Boycey@gmail.com
775,C,Ummersen; Candy.Ummersen@yopmail.com,Candy.Ummersen@gmail.com
776,R,Kiersten; Renae.Kiersten@yopmail.com,Renae.Kiersten@gmail.com
777,B,Brittani; Babita.Brittani@yopmail.com,Babita.Brittani@gmail.com
778,U,Khorma; Ulrike.Khorma@yopmail.com,Ulrike.Khorma@gmail.com
779,K,Pernick; Kate.Pernick@yopmail.com,Kate.Pernick@gmail.com
780,L,Blase; Libbie.Blase@yopmail.com,Libbie.Blase@gmail.com
781,E,Ulphia; Elora.Ulphia@yopmail.com,Elora.Ulphia@gmail.com
782,J,Allare; Jinny.Allare@yopmail.com,Jinny.Allare@gmail.com
783,S,Dermott; Sabina.Dermott@yopmail.com,Sabina.Dermott@gmail.com
784,J,Halsey; Justinn.Halsey@yopmail.com,Justinn.Halsey@gmail.com
785,T,Ardeha; Teriann.Ardeha@yopmail.com,Teriann.Ardeha@gmail.com
786,G,Whiffen; Georgina.Whiffen@yopmail.com,Georgina.Whiffen@gmail.com
787,B,Weaks; Brynna.Weaks@yopmail.com,Brynna.Weaks@gmail.com
788,M,Roxanna; Meghann.Roxanna@yopmail.com,Meghann.Roxanna@gmail.com
789,T,Tamsky; Tiffie.Tamsky@yopmail.com,Tiffie.Tamsky@gmail.com
790,G,Flyn; Gilda.Flyn@yopmail.com,Gilda.Flyn@gmail.com
791,M,Wadell; Marti.Wadell@yopmail.com,Marti.Wadell@gmail.com
792,R,McLaughlin; Roxane.McLaughlin@yopmail.com,Roxane.McLaughlin@gmail.com
793,A,Revkah; Augustine.Revkah@yopmail.com,Augustine.Revkah@gmail.com
794,B,Harday; Benita.Harday@yopmail.com,Benita.Harday@gmail.com
795,S,Wattenberg; Shel.Wattenberg@yopmail.com,Shel.Wattenberg@gmail.com
796,K,Fax; Kristan.Fax@yopmail.com,Kristan.Fax@gmail.com
797,J,Greyson; Jere.Greyson@yopmail.com,Jere.Greyson@gmail.com
798,M,Wilkinson; Mallory.Wilkinson@yopmail.com,Mallory.Wilkinson@gmail.com
799,M,Mike; Mariele.Mike@yopmail.com,Mariele.Mike@gmail.com
800,J,Zrike; Jordan.Zrike@yopmail.com,Jordan.Zrike@gmail.com
801,T,Carleen; Therine.Carleen@yopmail.com,Therine.Carleen@gmail.com
802,P,Hurley; Patricia.Hurley@yopmail.com,Patricia.Hurley@gmail.com
803,R,Evvie; Rhoda.Evvie@yopmail.com,Rhoda.Evvie@gmail.com
804,D,Moseley; Debee.Moseley@yopmail.com,Debee.Moseley@gmail.com
805,G,Hashim; Gisela.Hashim@yopmail.com,Gisela.Hashim@gmail.com
806,N,Sothena; Nikki.Sothena@yopmail.com,Nikki.Sothena@gmail.com
807,J,Delila; Jenda.Delila@yopmail.com,Jenda.Delila@gmail.com
808,J,Othilia; Jere.Othilia@yopmail.com,Jere.Othilia@gmail.com
809,K,Dreda; Kirbee.Dreda@yopmail.com,Kirbee.Dreda@gmail.com
810,P,Dyche; Priscilla.Dyche@yopmail.com,Priscilla.Dyche@gmail.com
811,K,Remmer; Kelly.Remmer@yopmail.com,Kelly.Remmer@gmail.com
812,M,Ethban; Merci.Ethban@yopmail.com,Merci.Ethban@gmail.com
813,G,Brittani; Glenda.Brittani@yopmail.com,Glenda.Brittani@gmail.com
814,A,Gilbertson; Aigneis.Gilbertson@yopmail.com,Aigneis.Gilbertson@gmail.com
815,M,Old; Mathilda.Old@yopmail.com,Mathilda.Old@gmail.com
816,L,Eliathas; Lynde.Eliathas@yopmail.com,Lynde.Eliathas@gmail.com
817,F,Ochs; Farrah.Ochs@yopmail.com,Farrah.Ochs@gmail.com
818,S,Ferino; Sara-Ann.Ferino@yopmail.com,Sara-Ann.Ferino@gmail.com
819,L,Haerr; Libbie.Haerr@yopmail.com,Libbie.Haerr@gmail.com
820,S,Therine; Sam.Therine@yopmail.com,Sam.Therine@gmail.com
821,E,Gilmour; Elie.Gilmour@yopmail.com,Elie.Gilmour@gmail.com
822,M,Vastah; Maridel.Vastah@yopmail.com,Maridel.Vastah@gmail.com
823,M,Harl; Melisent.Harl@yopmail.com,Melisent.Harl@gmail.com
824,D,Damarra; Deloria.Damarra@yopmail.com,Deloria.Damarra@gmail.com
825,N,Lissi; Nariko.Lissi@yopmail.com,Nariko.Lissi@gmail.com
826,C,Dash; Carilyn.Dash@yopmail.com,Carilyn.Dash@gmail.com
827,E,Lareena; Ericka.Lareena@yopmail.com,Ericka.Lareena@gmail.com
828,G,Boehike; Georgina.Boehike@yopmail.com,Georgina.Boehike@gmail.com
829,L,Michella; Lynea.Michella@yopmail.com,Lynea.Michella@gmail.com
830,B,Reinke; Beatriz.Reinke@yopmail.com,Beatriz.Reinke@gmail.com
831,C,Chinua; Corry.Chinua@yopmail.com,Corry.Chinua@gmail.com
832,G,Mozelle; Gerrie.Mozelle@yopmail.com,Gerrie.Mozelle@gmail.com
833,M,Elbertina; Merci.Elbertina@yopmail.com,Merci.Elbertina@gmail.com
834,J,August; Judy.August@yopmail.com,Judy.August@gmail.com
835,E,Dorothy; Ekaterina.Dorothy@yopmail.com,Ekaterina.Dorothy@gmail.com
836,J,Raama; Jaclyn.Raama@yopmail.com,Jaclyn.Raama@gmail.com
837,E,Melleta; Elise.Melleta@yopmail.com,Elise.Melleta@gmail.com
838,E,Gale; Elise.Gale@yopmail.com,Elise.Gale@gmail.com
839,T,Zitvaa; Tersina.Zitvaa@yopmail.com,Tersina.Zitvaa@gmail.com
840,T,Merell; Talya.Merell@yopmail.com,Talya.Merell@gmail.com
841,J,Kirstin; Jinny.Kirstin@yopmail.com,Jinny.Kirstin@gmail.com
842,P,Couture; Priscilla.Couture@yopmail.com,Priscilla.Couture@gmail.com
843,M,Sallyann; Melisent.Sallyann@yopmail.com,Melisent.Sallyann@gmail.com
844,S,Prober; Sean.Prober@yopmail.com,Sean.Prober@gmail.com
845,A,Delila; Addia.Delila@yopmail.com,Addia.Delila@gmail.com
846,P,Nunci; Peri.Nunci@yopmail.com,Peri.Nunci@gmail.com
847,D,Ellerey; Dagmar.Ellerey@yopmail.com,Dagmar.Ellerey@gmail.com
848,E,Edee; Eolanda.Edee@yopmail.com,Eolanda.Edee@gmail.com
849,N,Audly; Nessie.Audly@yopmail.com,Nessie.Audly@gmail.com
850,K,Cynar; Kimmy.Cynar@yopmail.com,Kimmy.Cynar@gmail.com
851,E,Cornelia; Ebonee.Cornelia@yopmail.com,Ebonee.Cornelia@gmail.com
852,M,Geffner; Mildrid.Geffner@yopmail.com,Mildrid.Geffner@gmail.com
853,J,Bluh; Joeann.Bluh@yopmail.com,Joeann.Bluh@gmail.com
854,M,Hanleigh; Maisey.Hanleigh@yopmail.com,Maisey.Hanleigh@gmail.com
855,E,Carri; Elka.Carri@yopmail.com,Elka.Carri@gmail.com
856,K,Chandler; Kirbee.Chandler@yopmail.com,Kirbee.Chandler@gmail.com
857,Z,Millda; Zsa Zsa.Millda@yopmail.com,Zsa Zsa.Millda@gmail.com
858,A,Giff; Arlena.Giff@yopmail.com,Arlena.Giff@gmail.com
859,E,Joseph; Emylee.Joseph@yopmail.com,Emylee.Joseph@gmail.com
860,B,Gwenore; Brandise.Gwenore@yopmail.com,Brandise.Gwenore@gmail.com
861,C,Nea; Caressa.Nea@yopmail.com,Caressa.Nea@gmail.com
862,M,Pettiford; Modestia.Pettiford@yopmail.com,Modestia.Pettiford@gmail.com
863,L,Fosque; Layla.Fosque@yopmail.com,Layla.Fosque@gmail.com
864,C,Oscar; Charissa.Oscar@yopmail.com,Charissa.Oscar@gmail.com
865,F,Raimondo; Flo.Raimondo@yopmail.com,Flo.Raimondo@gmail.com
866,K,Avi; Kittie.Avi@yopmail.com,Kittie.Avi@gmail.com
867,I,Durware; Ingrid.Durware@yopmail.com,Ingrid.Durware@gmail.com
868,D,Urias; Desirae.Urias@yopmail.com,Desirae.Urias@gmail.com
869,B,Leler; Belva.Leler@yopmail.com,Belva.Leler@gmail.com
870,D,Buffum; Deedee.Buffum@yopmail.com,Deedee.Buffum@gmail.com
871,A,Chabot; Aryn.Chabot@yopmail.com,Aryn.Chabot@gmail.com
872,A,Raimondo; Alyssa.Raimondo@yopmail.com,Alyssa.Raimondo@gmail.com
873,C,Ashok; Carilyn.Ashok@yopmail.com,Carilyn.Ashok@gmail.com
874,A,Mullane; Adele.Mullane@yopmail.com,Adele.Mullane@gmail.com
875,H,Wu; Henriette.Wu@yopmail.com,Henriette.Wu@gmail.com
876,K,Marlie; Kerrin.Marlie@yopmail.com,Kerrin.Marlie@gmail.com
877,G,Ortrude; Gerianna.Ortrude@yopmail.com,Gerianna.Ortrude@gmail.com
878,F,Margret; Fredericka.Margret@yopmail.com,Fredericka.Margret@gmail.com
879,A,Bryna; Aryn.Bryna@yopmail.com,Aryn.Bryna@gmail.com
880,L,Luhe; Leanna.Luhe@yopmail.com,Leanna.Luhe@gmail.com
881,A,Leary; Ariela.Leary@yopmail.com,Ariela.Leary@gmail.com
882,E,Loeb; Ethel.Loeb@yopmail.com,Ethel.Loeb@gmail.com
883,V,Wooster; Vonny.Wooster@yopmail.com,Vonny.Wooster@gmail.com
884,T,Lamoree; Tami.Lamoree@yopmail.com,Tami.Lamoree@gmail.com
885,J,Othilia; Jennica.Othilia@yopmail.com,Jennica.Othilia@gmail.com
886,R,Lattie; Rayna.Lattie@yopmail.com,Rayna.Lattie@gmail.com
887,A,Ball; Ayn.Ball@yopmail.com,Ayn.Ball@gmail.com
888,L,Ricki; Lanna.Ricki@yopmail.com,Lanna.Ricki@gmail.com
889,C,Si; Cathie.Si@yopmail.com,Cathie.Si@gmail.com
890,K,Eldrid; Korrie.Eldrid@yopmail.com,Korrie.Eldrid@gmail.com
891,L,Zrike; Liana.Zrike@yopmail.com,Liana.Zrike@gmail.com
892,M,Screens; Merle.Screens@yopmail.com,Merle.Screens@gmail.com
893,R,Ulphia; Raquela.Ulphia@yopmail.com,Raquela.Ulphia@gmail.com
894,A,Fitzsimmons; Anthia.Fitzsimmons@yopmail.com,Anthia.Fitzsimmons@gmail.com
895,T,Craggie; Trixi.Craggie@yopmail.com,Trixi.Craggie@gmail.com
896,E,Cutlerr; Eadie.Cutlerr@yopmail.com,Eadie.Cutlerr@gmail.com
897,M,Dimitris; Madalyn.Dimitris@yopmail.com,Madalyn.Dimitris@gmail.com
898,D,Tybald; Daryl.Tybald@yopmail.com,Daryl.Tybald@gmail.com
899,S,Kathie; Sallie.Kathie@yopmail.com,Sallie.Kathie@gmail.com
900,S,Tristram; Sidoney.Tristram@yopmail.com,Sidoney.Tristram@gmail.com
901,A,Monaco; Alie.Monaco@yopmail.com,Alie.Monaco@gmail.com
902,A,Fredi; Aaren.Fredi@yopmail.com,Aaren.Fredi@gmail.com
903,T,Baylor; Tani.Baylor@yopmail.com,Tani.Baylor@gmail.com
904,S,Skurnik; Suzette.Skurnik@yopmail.com,Suzette.Skurnik@gmail.com
905,L,Fink; Liana.Fink@yopmail.com,Liana.Fink@gmail.com
906,B,Peg; Britte.Peg@yopmail.com,Britte.Peg@gmail.com
907,J,Freddi; Julieta.Freddi@yopmail.com,Julieta.Freddi@gmail.com
908,B,Kimmie; Bettine.Kimmie@yopmail.com,Bettine.Kimmie@gmail.com
909,V,Berl; Vere.Berl@yopmail.com,Vere.Berl@gmail.com
910,H,Stephie; Harmonia.Stephie@yopmail.com,Harmonia.Stephie@gmail.com
911,L,Hathaway; Liana.Hathaway@yopmail.com,Liana.Hathaway@gmail.com
912,Z,Oneida; Zsa Zsa.Oneida@yopmail.com,Zsa Zsa.Oneida@gmail.com
913,J,Hull; Jasmina.Hull@yopmail.com,Jasmina.Hull@gmail.com
914,V,Marlie; Vevay.Marlie@yopmail.com,Vevay.Marlie@gmail.com
915,J,Joachim; Jorry.Joachim@yopmail.com,Jorry.Joachim@gmail.com
916,E,Ophelia; Etta.Ophelia@yopmail.com,Etta.Ophelia@gmail.com
917,N,Heisel; Nessie.Heisel@yopmail.com,Nessie.Heisel@gmail.com
918,A,Percy; Antonietta.Percy@yopmail.com,Antonietta.Percy@gmail.com
919,M,Ortrude; Madelle.Ortrude@yopmail.com,Madelle.Ortrude@gmail.com
920,K,Means; Kathi.Means@yopmail.com,Kathi.Means@gmail.com
921,B,Elisha; Bettine.Elisha@yopmail.com,Bettine.Elisha@gmail.com
922,C,Hirsch; Cristabel.Hirsch@yopmail.com,Cristabel.Hirsch@gmail.com
923,K,Bandeen; Karolina.Bandeen@yopmail.com,Karolina.Bandeen@gmail.com
924,S,Margarete; Susan.Margarete@yopmail.com,Susan.Margarete@gmail.com
925,K,Fink; Kathy.Fink@yopmail.com,Kathy.Fink@gmail.com
926,M,Karl; Marita.Karl@yopmail.com,Marita.Karl@gmail.com
927,Q,Sasnett; Queenie.Sasnett@yopmail.com,Queenie.Sasnett@gmail.com
928,L,Freddi; Lulita.Freddi@yopmail.com,Lulita.Freddi@gmail.com
929,A,Anderea; Alejandra.Anderea@yopmail.com,Alejandra.Anderea@gmail.com
930,L,McLaughlin; Latisha.McLaughlin@yopmail.com,Latisha.McLaughlin@gmail.com
931,R,Chaing; Renae.Chaing@yopmail.com,Renae.Chaing@gmail.com
932,L,Tannie; Lila.Tannie@yopmail.com,Lila.Tannie@gmail.com
933,F,Rona; Florie.Rona@yopmail.com,Florie.Rona@gmail.com
934,D,Cimbura; Deloria.Cimbura@yopmail.com,Deloria.Cimbura@gmail.com
935,C,Elsinore; Cindelyn.Elsinore@yopmail.com,Cindelyn.Elsinore@gmail.com
936,S,Penelopa; Sibella.Penelopa@yopmail.com,Sibella.Penelopa@gmail.com
937,M,Larochelle; Margette.Larochelle@yopmail.com,Margette.Larochelle@gmail.com
938,P,Taima; Pierette.Taima@yopmail.com,Pierette.Taima@gmail.com
939,B,Cecile; Berget.Cecile@yopmail.com,Berget.Cecile@gmail.com
940,U,Nore; Ursulina.Nore@yopmail.com,Ursulina.Nore@gmail.com
941,C,Thornburg; Carly.Thornburg@yopmail.com,Carly.Thornburg@gmail.com
942,M,Sacken; Morganica.Sacken@yopmail.com,Morganica.Sacken@gmail.com
943,L,Vastah; Lolita.Vastah@yopmail.com,Lolita.Vastah@gmail.com
944,G,Shuler; Gerrie.Shuler@yopmail.com,Gerrie.Shuler@gmail.com
945,F,Moseley; Flory.Moseley@yopmail.com,Flory.Moseley@gmail.com
946,T,Tatianas; Tressa.Tatianas@yopmail.com,Tressa.Tatianas@gmail.com
947,S,Amethist; Selia.Amethist@yopmail.com,Selia.Amethist@gmail.com
948,D,Atcliffe; Dulce.Atcliffe@yopmail.com,Dulce.Atcliffe@gmail.com
949,T,Gahl; Talya.Gahl@yopmail.com,Talya.Gahl@gmail.com
950,D,Presber; Deirdre.Presber@yopmail.com,Deirdre.Presber@gmail.com
951,C,Delacourt; Carmencita.Delacourt@yopmail.com,Carmencita.Delacourt@gmail.com
952,P,Sheedy; Pamella.Sheedy@yopmail.com,Pamella.Sheedy@gmail.com
953,M,Dominy; Merrie.Dominy@yopmail.com,Merrie.Dominy@gmail.com
954,A,Solitta; Ana.Solitta@yopmail.com,Ana.Solitta@gmail.com
955,F,Delila; Frieda.Delila@yopmail.com,Frieda.Delila@gmail.com
956,M,Ralfston; Misha.Ralfston@yopmail.com,Misha.Ralfston@gmail.com
957,Y,Francene; Yvonne.Francene@yopmail.com,Yvonne.Francene@gmail.com
958,M,Anderea; Modestia.Anderea@yopmail.com,Modestia.Anderea@gmail.com
959,L,Wallis; Linet.Wallis@yopmail.com,Linet.Wallis@gmail.com
960,A,Johanna; Aurelie.Johanna@yopmail.com,Aurelie.Johanna@gmail.com
961,M,Hortensia; Meghann.Hortensia@yopmail.com,Meghann.Hortensia@gmail.com
962,O,Jacobah; Oralee.Jacobah@yopmail.com,Oralee.Jacobah@gmail.com
963,J,Klotz; Joceline.Klotz@yopmail.com,Joceline.Klotz@gmail.com
964,V,Loleta; Viviene.Loleta@yopmail.com,Viviene.Loleta@gmail.com
965,R,Pearse; Rori.Pearse@yopmail.com,Rori.Pearse@gmail.com
966,R,Henrie; Roseline.Henrie@yopmail.com,Roseline.Henrie@gmail.com
967,M,Pond; Molli.Pond@yopmail.com,Molli.Pond@gmail.com
968,C,Melony; Clarice.Melony@yopmail.com,Clarice.Melony@gmail.com
969,P,Bettine; Pearline.Bettine@yopmail.com,Pearline.Bettine@gmail.com
970,S,Arvo; Sophia.Arvo@yopmail.com,Sophia.Arvo@gmail.com
971,S,Georgy; Sharlene.Georgy@yopmail.com,Sharlene.Georgy@gmail.com
972,A,Glenden; Atlanta.Glenden@yopmail.com,Atlanta.Glenden@gmail.com
973,M,Bronk; Michaelina.Bronk@yopmail.com,Michaelina.Bronk@gmail.com
974,H,Raseda; Helsa.Raseda@yopmail.com,Helsa.Raseda@gmail.com
975,G,Toni; Gavrielle.Toni@yopmail.com,Gavrielle.Toni@gmail.com
976,L,Ephrem; Letizia.Ephrem@yopmail.com,Letizia.Ephrem@gmail.com
977,A,Zina; Alyda.Zina@yopmail.com,Alyda.Zina@gmail.com
978,R,Etom; Riannon.Etom@yopmail.com,Riannon.Etom@gmail.com
979,D,Merriott; Dulcinea.Merriott@yopmail.com,Dulcinea.Merriott@gmail.com
980,T,Leler; Tilly.Leler@yopmail.com,Tilly.Leler@gmail.com
981,L,Emanuel; Lauryn.Emanuel@yopmail.com,Lauryn.Emanuel@gmail.com
982,F,Baptlsta; Flo.Baptlsta@yopmail.com,Flo.Baptlsta@gmail.com
983,C,Grosz; Cissiee.Grosz@yopmail.com,Cissiee.Grosz@gmail.com
984,J,Peti; Jany.Peti@yopmail.com,Jany.Peti@gmail.com
985,M,Joachim; Mallory.Joachim@yopmail.com,Mallory.Joachim@gmail.com
986,C,Redmond; Christian.Redmond@yopmail.com,Christian.Redmond@gmail.com
987,K,Burch; Kate.Burch@yopmail.com,Kate.Burch@gmail.com
988,E,Sundin; Emelina.Sundin@yopmail.com,Emelina.Sundin@gmail.com
989,L,Randene; Leanna.Randene@yopmail.com,Leanna.Randene@gmail.com
990,M,Ashok; Minne.Ashok@yopmail.com,Minne.Ashok@gmail.com
991,G,Tryck; Gui.Tryck@yopmail.com,Gui.Tryck@gmail.com
992,J,Leonard; Jsandye.Leonard@yopmail.com,Jsandye.Leonard@gmail.com
993,A,Slifka; Ardenia.Slifka@yopmail.com,Ardenia.Slifka@gmail.com
994,B,Emmaline; Bee.Emmaline@yopmail.com,Bee.Emmaline@gmail.com
995,B,Harl; Bertine.Harl@yopmail.com,Bertine.Harl@gmail.com
996,A,Marcellus; Ada.Marcellus@yopmail.com,Ada.Marcellus@gmail.com
997,P,Elo; Phedra.Elo@yopmail.com,Phedra.Elo@gmail.com
998,Z,Anderea; Zondra.Anderea@yopmail.com,Zondra.Anderea@gmail.com
999,L,Pernick; Letizia.Pernick@yopmail.com,Letizia.Pernick@gmail.com
1000,S,Tjon; Shel.Tjon@yopmail.com,Shel.Tjon@gmail.com
1001,R,Chem; Rosanne.Chem@yopmail.com,Rosanne.Chem@gmail.com
1002,L,Docilla; Lanna.Docilla@yopmail.com,Lanna.Docilla@gmail.com
1003,E,Joli; Edith.Joli@yopmail.com,Edith.Joli@gmail.com
1004,C,Dalli; Chandra.Dalli@yopmail.com,Chandra.Dalli@gmail.com
1005,A,Doig; Agnese.Doig@yopmail.com,Agnese.Doig@gmail.com
1006,P,Faro; Petronia.Faro@yopmail.com,Petronia.Faro@gmail.com
1007,Q,Marlie; Quintina.Marlie@yopmail.com,Quintina.Marlie@gmail.com
1008,G,Marcellus; Gretal.Marcellus@yopmail.com,Gretal.Marcellus@gmail.com
1009,T,Damarra; Teriann.Damarra@yopmail.com,Teriann.Damarra@gmail.com
1010,L,Carri; Leontine.Carri@yopmail.com,Leontine.Carri@gmail.com
1011,V,Macey; Vanessa.Macey@yopmail.com,Vanessa.Macey@gmail.com
1012,T,Taima; Tracey.Taima@yopmail.com,Tracey.Taima@gmail.com
1013,C,Meter; Cristine.Meter@yopmail.com,Cristine.Meter@gmail.com
1014,D,Bahr; Drucie.Bahr@yopmail.com,Drucie.Bahr@gmail.com
1015,M,Soneson; Melanie.Soneson@yopmail.com,Melanie.Soneson@gmail.com
1016,A,Kiersten; Anica.Kiersten@yopmail.com,Anica.Kiersten@gmail.com
1017,N,Goldina; Norine.Goldina@yopmail.com,Norine.Goldina@gmail.com
1018,R,Dreda; Roz.Dreda@yopmail.com,Roz.Dreda@gmail.com
1019,C,Vivle; Christy.Vivle@yopmail.com,Christy.Vivle@gmail.com
1020,K,Kenwood; Kaia.Kenwood@yopmail.com,Kaia.Kenwood@gmail.com
1021,D,Alrich; Dode.Alrich@yopmail.com,Dode.Alrich@gmail.com
1022,D,Bonucci; Daphne.Bonucci@yopmail.com,Daphne.Bonucci@gmail.com
1023,K,Olympium; Kathy.Olympium@yopmail.com,Kathy.Olympium@gmail.com
1024,D,Rudolph; Dorothy.Rudolph@yopmail.com,Dorothy.Rudolph@gmail.com
1025,K,Howlyn; Karlee.Howlyn@yopmail.com,Karlee.Howlyn@gmail.com
1026,S,Zetta; Sarette.Zetta@yopmail.com,Sarette.Zetta@gmail.com
1027,S,Wandie; Sadie.Wandie@yopmail.com,Sadie.Wandie@gmail.com
1028,W,Oster; Wendi.Oster@yopmail.com,Wendi.Oster@gmail.com
1029,N,Mandler; Netty.Mandler@yopmail.com,Netty.Mandler@gmail.com
1030,V,Chrystel; Vinita.Chrystel@yopmail.com,Vinita.Chrystel@gmail.com
1031,S,Flita; Sybille.Flita@yopmail.com,Sybille.Flita@gmail.com
1032,A,Duwalt; Arabel.Duwalt@yopmail.com,Arabel.Duwalt@gmail.com
1033,K,Stephie; Kial.Stephie@yopmail.com,Kial.Stephie@gmail.com
1034,B,Mullane; Binny.Mullane@yopmail.com,Binny.Mullane@gmail.com
1035,O,Schalles; Orelia.Schalles@yopmail.com,Orelia.Schalles@gmail.com
1036,E,Ilka; Elka.Ilka@yopmail.com,Elka.Ilka@gmail.com
1037,A,Phaidra; Aigneis.Phaidra@yopmail.com,Aigneis.Phaidra@gmail.com
1038,S,Zenas; Sherrie.Zenas@yopmail.com,Sherrie.Zenas@gmail.com
1039,J,Bronk; Joane.Bronk@yopmail.com,Joane.Bronk@gmail.com
1040,L,Maribeth; Lanna.Maribeth@yopmail.com,Lanna.Maribeth@gmail.com
1041,D,Tarrant; Deedee.Tarrant@yopmail.com,Deedee.Tarrant@gmail.com
1042,B,Yorick; Bibby.Yorick@yopmail.com,Bibby.Yorick@gmail.com
1043,C,Thema; Coral.Thema@yopmail.com,Coral.Thema@gmail.com
1044,R,Cutlerr; Rori.Cutlerr@yopmail.com,Rori.Cutlerr@gmail.com
1045,A,Lamoree; Augustine.Lamoree@yopmail.com,Augustine.Lamoree@gmail.com
1046,R,Longfellow; Raina.Longfellow@yopmail.com,Raina.Longfellow@gmail.com
1047,Y,Hutchison; Yvonne.Hutchison@yopmail.com,Yvonne.Hutchison@gmail.com
1048,M,Thilda; Merry.Thilda@yopmail.com,Merry.Thilda@gmail.com
1049,T,Auberbach; Tomasina.Auberbach@yopmail.com,Tomasina.Auberbach@gmail.com
1050,N,Bonilla; Nariko.Bonilla@yopmail.com,Nariko.Bonilla@gmail.com
1051,T,Haymes; Tarra.Haymes@yopmail.com,Tarra.Haymes@gmail.com
1052,G,Silvan; Georgina.Silvan@yopmail.com,Georgina.Silvan@gmail.com
1053,G,Hashim; Giustina.Hashim@yopmail.com,Giustina.Hashim@gmail.com
1054,L,Stoller; Lilith.Stoller@yopmail.com,Lilith.Stoller@gmail.com
1055,F,Morrill; Fred.Morrill@yopmail.com,Fred.Morrill@gmail.com
1056,P,Sherrie; Pearline.Sherrie@yopmail.com,Pearline.Sherrie@gmail.com
1057,L,Atonsah; Lanna.Atonsah@yopmail.com,Lanna.Atonsah@gmail.com
1058,D,Jobi; Dulce.Jobi@yopmail.com,Dulce.Jobi@gmail.com
1059,A,Braun; Aigneis.Braun@yopmail.com,Aigneis.Braun@gmail.com
1060,D,Mott; Dorice.Mott@yopmail.com,Dorice.Mott@gmail.com
1061,M,Kristi; Meriel.Kristi@yopmail.com,Meriel.Kristi@gmail.com
1062,F,Boycey; Frank.Boycey@yopmail.com,Frank.Boycey@gmail.com
1063,R,Center; Ronna.Center@yopmail.com,Ronna.Center@gmail.com
1064,R,Delacourt; Raf.Delacourt@yopmail.com,Raf.Delacourt@gmail.com
1065,R,Freddi; Renae.Freddi@yopmail.com,Renae.Freddi@gmail.com
1066,C,Garek; Candy.Garek@yopmail.com,Candy.Garek@gmail.com
1067,J,Celestine; Jemie.Celestine@yopmail.com,Jemie.Celestine@gmail.com
1068,O,Longfellow; Olivette.Longfellow@yopmail.com,Olivette.Longfellow@gmail.com
1069,A,Charity; Anica.Charity@yopmail.com,Anica.Charity@gmail.com
1070,J,Flita; Jenilee.Flita@yopmail.com,Jenilee.Flita@gmail.com
1071,D,Merat; Dolli.Merat@yopmail.com,Dolli.Merat@gmail.com
1072,A,Newell; Aurelie.Newell@yopmail.com,Aurelie.Newell@gmail.com
1073,E,Girardo; Emylee.Girardo@yopmail.com,Emylee.Girardo@gmail.com
1074,M,Jorgan; Mathilda.Jorgan@yopmail.com,Mathilda.Jorgan@gmail.com
1075,S,Faust; Sean.Faust@yopmail.com,Sean.Faust@gmail.com
1076,A,Hewitt; Amalie.Hewitt@yopmail.com,Amalie.Hewitt@gmail.com
1077,I,Kauppi; Ilse.Kauppi@yopmail.com,Ilse.Kauppi@gmail.com
1078,R,Gherardo; Robinia.Gherardo@yopmail.com,Robinia.Gherardo@gmail.com
1079,H,Pauly; Hettie.Pauly@yopmail.com,Hettie.Pauly@gmail.com
1080,N,Lia; Nonnah.Lia@yopmail.com,Nonnah.Lia@gmail.com
1081,M,Horan; Melisent.Horan@yopmail.com,Melisent.Horan@gmail.com
1082,C,Ledah; Corina.Ledah@yopmail.com,Corina.Ledah@gmail.com
1083,C,Anyah; Cordi.Anyah@yopmail.com,Cordi.Anyah@gmail.com
1084,A,Wildermuth; Anallese.Wildermuth@yopmail.com,Anallese.Wildermuth@gmail.com
1085,L,Cherianne; Lacie.Cherianne@yopmail.com,Lacie.Cherianne@gmail.com
1086,J,Fitzsimmons; Joeann.Fitzsimmons@yopmail.com,Joeann.Fitzsimmons@gmail.com
1087,A,Calhoun; Alameda.Calhoun@yopmail.com,Alameda.Calhoun@gmail.com
1088,T,Linskey; Taffy.Linskey@yopmail.com,Taffy.Linskey@gmail.com
1089,E,Lareena; Emma.Lareena@yopmail.com,Emma.Lareena@gmail.com
1090,V,Zina; Vevay.Zina@yopmail.com,Vevay.Zina@gmail.com
1091,K,Ahab; Kenna.Ahab@yopmail.com,Kenna.Ahab@gmail.com
1092,F,Jena; Frances.Jena@yopmail.com,Frances.Jena@gmail.com
1093,M,Charity; Miquela.Charity@yopmail.com,Miquela.Charity@gmail.com
1094,D,Meter; Dania.Meter@yopmail.com,Dania.Meter@gmail.com
1095,Y,Sancho; Yetty.Sancho@yopmail.com,Yetty.Sancho@gmail.com
1096,W,Duwalt; Wendi.Duwalt@yopmail.com,Wendi.Duwalt@gmail.com
1097,E,Cleo; Ezmeralda.Cleo@yopmail.com,Ezmeralda.Cleo@gmail.com
1098,E,Freddi; Ernesta.Freddi@yopmail.com,Ernesta.Freddi@gmail.com
1099,L,Prober; Lucille.Prober@yopmail.com,Lucille.Prober@gmail.com
